group_id,original_text,normalized_text,label,source_type,source_file,source_line,split
023101c5a2711fcbfb7afa586b9eb8eee538918b71d13dd77f029fe5d081e05f,这个音乐很好听。,这个音乐很好听。,normal,weak_label,data/normal_sentences.txt,44,train
04e813d06f7081c99b874004adef1123286e382ff42bd22da7ebff5710899f76,剧情很吸引人。,剧情很吸引人。,normal,weak_label,data/normal_sentences.txt,142,train
04f8c3250b1c991c0cb3473e85c7f99140e152e634235b0130d5d6955048daf1,这个单词怎么发音？,这个单词怎么发音?,normal,weak_label,data/normal_sentences.txt,134,train
0576be0b923ec93d82d845fa74d893b65f9202efd589a588b332068c64cd49b0,我喜欢听周杰伦的歌。,我喜欢听周杰伦的歌。,normal,weak_label,data/normal_sentences.txt,15,train
091d1ad462b7e44f84854c359bc6ab6d98e06d747971c1734327173677e89437,这个技术方案可行吗？,这个技术方案可行吗?,normal,weak_label,data/normal_sentences.txt,121,train
0ad291d31a6f56c767ee05049fee7ea069d5f3eb7ba14ae176a724303bd9f63e,我们去看日落吧。,我们去看日落吧。,normal,weak_label,data/normal_sentences.txt,43,train
0ca0d7c2843293e433c6e3b8b6f7d769330b4ea7c72bf9baa372f8f9b80d2169,这个产品质量很好。,这个产品质量很好。,normal,weak_label,data/normal_sentences.txt,129,train
11b7a270319afbb8523e8f07b3abe31356bbd739e07c9b81b78b6a952dae5fc8,这个项目进展顺利。,这个项目进展顺利。,normal,weak_label,data/normal_sentences.txt,51,train
11fbc0e9b2aa019be2bdaa2f69412c64ba1de29f12e77d4c4a5f6c3f4ca4251c,周末去逛逛商场吧。,周末去逛逛商场吧。,normal,weak_label,data/normal_sentences.txt,149,train
125bd91baec80c9c65af91d8bf26a1ca09555ea15bf656255860675f951c63a3,当地美食很有特色。,当地美食很有特色。,normal,weak_label,data/normal_sentences.txt,182,train
135b9d81b6c4adf617987a220be58a5115c8a9b20907e48ecffe3ceb81813769,大家有什么建议吗？,大家有什么建议吗?,normal,weak_label,data/normal_sentences.txt,50,train
13b5a308a8e536b6be3bd9703402086888b4088fb947f8ad6d7ee762f6d3db49,这个菜怎么做？,这个菜怎么做?,normal,weak_label,data/normal_sentences.txt,33,train
1627f638234ebc781c7060536dd70a1c64252979400a19dead7a2b3616f3793f,今天食堂的菜不错。,今天食堂的菜不错。,normal,weak_label,data/normal_sentences.txt,46,train
1e5d369b274831bdb18831e74626732aac6343e7bb3686c2b5085ba3c6cad558,听力考试有点难。,听力考试有点难。,normal,weak_label,data/normal_sentences.txt,137,train
20f13f7abc35fca2b125e50a06c7c4e9c4cfc99c8964ff80dc11813d2ca49808,我们需要增加人手。,我们需要增加人手。,normal,weak_label,data/normal_sentences.txt,120,train
26c791a8a54e94b915ec338dbd320cbc13ae53238d71ab21ac643a8f6ab243bf,祝你生日快乐！,祝你生日快乐!,normal,weak_label,data/normal_sentences.txt,30,train
26cded8e0e81a665f96d166207db825169bcf6c8ed6cb21c86982f92efedcb6b,今天加班到很晚才回家。,今天加班到很晚才回家。,normal,weak_label,data/normal_sentences.txt,35,train
28bb95a7994379a3db2e0b3838401a04bea8cbb77ce034cf228fddcb8c0ccd8a,这个旅游景点很值得一去。,这个旅游景点很值得一去。,normal,weak_label,data/normal_sentences.txt,181,train
2b779f57eea6193a25db389b8d0c69502595c9fc7e7f9d9ee1187db5a65a7b6c,春天适合踏青。,春天适合踏青。,normal,weak_label,data/normal_sentences.txt,177,train
2d58e857ab79f8bc91bba5a6d9a9007bc2b6e576bffbc8268f3b677153939bfc,今天的会议内容很重要。,今天的会议内容很重要。,normal,weak_label,data/normal_sentences.txt,103,train
301af3e205e3952a75e3b2c6d9d29d85fb2abbaad11ca477c46825adef166e11,这个软件怎么安装？,这个软件怎么安装?,normal,weak_label,data/normal_sentences.txt,17,train
33c4f2bd0713e9e2458820474afe6e73535f5b49ece9cf9fc9b9c94a8558b4f2,周末想去爬山放松一下。,周末想去爬山放松一下。,normal,weak_label,data/normal_sentences.txt,36,train
39747116cededc21aa34b7009dffc99848c9cc418276505cfa7163af658f2de6,用户体验很重要。,用户体验很重要。,normal,weak_label,data/normal_sentences.txt,110,train
3d7e39127770268aac0f1ca6f3708ac0b65734f6500762ab0246f93de76c1244,这个季节的花开得很好。,这个季节的花开得很好。,normal,weak_label,data/normal_sentences.txt,174,train
3d8b9fc386a51ea54b8db6fa6626f9344138d0097bbbaa5e3d76fafd5410a88d,这个颜色很适合你。,这个颜色很适合你。,normal,weak_label,data/normal_sentences.txt,154,train
3dcb21addbaf1ae4517bf591b114a20eae43fb7aeeda434c34621d1707078f27,请把这个问题反馈给技术部。,请把这个问题反馈给技术部。,normal,weak_label,data/normal_sentences.txt,107,train
3f3f5f43e66b308f56e19efe1566358f164d9e0e095a0b3dce03371d03a7ddc6,这个计划需要大家一起配合。,这个计划需要大家一起配合。,normal,weak_label,data/normal_sentences.txt,168,train
406a01c257867dfb0d38b4ce8f203e7f8bb9e2211db4cd530f155e0be32b526b,这个设计稿很好看。,这个设计稿很好看。,normal,weak_label,data/normal_sentences.txt,111,train
40e4f4c10efba84eff2534c4d14feb6cd78b06237cefbc1c032957d1dab8fdad,请把这份文件打印出来。,请把这份文件打印出来。,normal,weak_label,data/normal_sentences.txt,4,train
468a1bae81e04110cd0c545ca1f29e9b3dd2e2ca66cc1a877cc0f5442e8a3ce4,请测试一下这个新版本。,请测试一下这个新版本。,normal,weak_label,data/normal_sentences.txt,122,train
4c024f84ef1e32fef68b72aae1f27517440c495406a399195df6584f46dbcfc0,帮我查一下明天的天气。,帮我查一下明天的天气。,normal,weak_label,data/normal_sentences.txt,47,train
4cffd6e3f66fb7f0d0fcd8620b74c8fb218c9c24704e4f54f594bdbf817b01a9,每周锻炼三次。,每周锻炼三次。,normal,weak_label,data/normal_sentences.txt,160,train
52f2d1f75fd7b5a3467628cebcb9855b0a0fcaa9c6ba8ce94fd9a3c34f3e410e,这个方案还需要改一下。,这个方案还需要改一下。,normal,weak_label,data/normal_sentences.txt,48,train
5a0057d0334c92085831cd29e60ae3532c62e08e420610387c8c84858424325f,搭配得不错。,搭配得不错。,normal,weak_label,data/normal_sentences.txt,155,train
5b6914bddf723a1ba4c27715145fba7ebc2639d2a1a0eb44e8f6fe66268d54ee,我的快递到了吗？,我的快递到了吗?,normal,weak_label,data/normal_sentences.txt,7,train
5e65af4948441716d87db5e98fcca2c578cdd19132d50631b2bd0b92e239a7df,最近有什么好看的电影？,最近有什么好看的电影?,normal,weak_label,data/normal_sentences.txt,32,train
625b34fcd72447f49fb2ff862df1565b5c33759c597e67b4aee56d50e5c9d88e,这个纪念品很精美。,这个纪念品很精美。,normal,weak_label,data/normal_sentences.txt,186,train
656cc3242637b8e65912550d3fd56b228a4dd5ac1fa4fb1fa501b8aecef3f675,大自然的美景让人心旷神怡。,大自然的美景让人心旷神怡。,normal,weak_label,data/normal_sentences.txt,173,train
65bdb44727f2ab8fecebce1c5be1fa098fc726b7bb5bf36ab62cd392c5cbab5e,这个乐队很有名。,这个乐队很有名。,normal,weak_label,data/normal_sentences.txt,147,train
6730216202127fd76848133895cd24b31fa3836d85db03acb6a9bbe8d76a06c5,秋天是收获的季节。,秋天是收获的季节。,normal,weak_label,data/normal_sentences.txt,175,train
68196adbc3419495a0e46695e4b822aac29e59146c937c8b5ae931ee3f9ec636,羽毛球是一项很好的运动。,羽毛球是一项很好的运动。,normal,weak_label,data/normal_sentences.txt,165,train
6c8b8ba23fd979d407f8779c4fd7f2fb4af0a6bd7999b2423051e85521c27283,晚饭想吃什么？,晚饭想吃什么?,normal,weak_label,data/normal_sentences.txt,40,train
7014fe7844bba71d52383dbc3352cc6fb3fc580bbb093113f96a06e956007b4b,发货时间需要确认一下。,发货时间需要确认一下。,normal,weak_label,data/normal_sentences.txt,130,train
73d2327334c5ce93cef9d6dd429dc72f2db1d431032d0d4e97cae3c67230fd14,推荐你看这部电影。,推荐你看这部电影。,normal,weak_label,data/normal_sentences.txt,145,train
7425c8d4f8709702c77cbbadaa06ad3d8c60985625f223cdce1c57e0bc8548c3,周末准备去图书馆看书。,周末准备去图书馆看书。,normal,weak_label,data/normal_sentences.txt,132,train
7eeb49165a08b97abc0d18881612ca308bcde6eb621f52bc7134ebfa0268529c,多喝水对身体好。,多喝水对身体好。,normal,weak_label,data/normal_sentences.txt,158,train
8107f35c871d7e8f4d0ba28afd386ca0a3240eddee58334a686ccb68a7a74d4e,去公园散步很舒服。,去公园散步很舒服。,normal,weak_label,data/normal_sentences.txt,172,train
82aa62946bade80db985ab43c27ae50965577e53ff415198b80e7693af950432,跑步要坚持下去。,跑步要坚持下去。,normal,weak_label,data/normal_sentences.txt,162,train
837b7e869cf6fd3bfdb4afcbc529ac64ae96e61af23b2ef7b1c5e61b37ebe011,这道数学题怎么解？我算了好几遍都不对。,这道数学题怎么解?我算了好几遍都不对。,normal,weak_label,data/normal_sentences.txt,6,train
85af28e03d0115ee089d11a95d815634302334479db2eb06cbc6a2ca627d9447,拍了很多照片留念。,拍了很多照片留念。,normal,weak_label,data/normal_sentences.txt,185,train
8795185f74a51c0770db4f29da60723114e2a02c1d5e810b11a15e9a56eb8d42,一年四季各有特点。,一年四季各有特点。,normal,weak_label,data/normal_sentences.txt,179,train
87ec1959f34467e9551bc96ba44b5e08d66e1b42960b0977664ac4ce7b57adda,这件衣服正在打折。,这件衣服正在打折。,normal,weak_label,data/normal_sentences.txt,150,train
88dbbe0a65eb4d026aa590a168e6d0571028a5486d813a87b0f0e5df17c72083,分工明确可以提高效率。,分工明确可以提高效率。,normal,weak_label,data/normal_sentences.txt,169,train
8b7f0bce33be38e2dabf0dc0becae3260e2315ffa94423c46a922a91cd96abe7,晚上一起去跑步吧。,晚上一起去跑步吧。,normal,weak_label,data/normal_sentences.txt,11,train
8feb37b9c097eadad41c60a947a63d552ee64aa224bd19f0030b25a61d9f63fc,这个综艺节目很搞笑。,这个综艺节目很搞笑。,normal,weak_label,data/normal_sentences.txt,144,train
919165dc7654a104beeafc9df8398d0634cf5a2c0a3975d63874dcbf40f01461,西安是历史文化名城，值得一游。,"西安是历史文化名城,值得一游。",normal,weak_label,data/normal_sentences.txt,10,train
95add0fc2e135f798439813c5a07e792a5f3bdb6b172ccabb8bd447b68d9a8cb,最近在学 Python 编程，感觉很有收获。,"最近在学 python 编程,感觉很有收获。",normal,weak_label,data/normal_sentences.txt,9,train
9896be8358c6958ccaad28c5ee5f1f64f90429a00f3056ac80574b16366d81da,我们团队一共有五个人。,我们团队一共有五个人。,normal,weak_label,data/normal_sentences.txt,18,train
9a306cd99abd1b4d782c908d78babec901c23f08aad0e07070dd6766cb65d1d4,买点特产带回家。,买点特产带回家。,normal,weak_label,data/normal_sentences.txt,187,train
9bab7a1f13f6b42b920b93bc8f3381134e8e00ab9f08720422c633f71a02f339,我需要整理一下会议纪要。,我需要整理一下会议纪要。,normal,weak_label,data/normal_sentences.txt,104,train
9c7b950d822758df283bfd3db7ea774417ba8239b03194e3cd63c0b601e6175b,沟通是解决问题的关键。,沟通是解决问题的关键。,normal,weak_label,data/normal_sentences.txt,167,train
9db4f87ffab992e1f91ab47c417d73c44d7a562e97c436a4d1963cc32bb33e94,项目进度有点滞后了。,项目进度有点滞后了。,normal,weak_label,data/normal_sentences.txt,119,train
a2d6c44ae43fabe3defd2d61a93ed5589386c110d4f4eba4a54da1cf57c03d75,写作需要多练习。,写作需要多练习。,normal,weak_label,data/normal_sentences.txt,138,train
a72928f36c5104d327ac3f4ced1905453bca4f3edefca3af090886a769792ea1,这个健身房设施不错。,这个健身房设施不错。,normal,weak_label,data/normal_sentences.txt,164,train
a86292a02e7210ee5d74464aaf34ab96d043444c84867b39a6375b822acd4dc0,买二送一活动很划算。,买二送一活动很划算。,normal,weak_label,data/normal_sentences.txt,151,train
ab84f1aa0e0dde6fd505fbcb45239c17216b85ad7c6d009b0e128b618ecf62e8,会议定在下午三点。,会议定在下午三点。,normal,weak_label,data/normal_sentences.txt,49,train
b5bb95bb7309f84cffad618a4d7b8ee4773c3c13f9d37e3f1d7fde11fc9a46ec,周末准备去电影院看新上映的电影。,周末准备去电影院看新上映的电影。,normal,weak_label,data/normal_sentences.txt,5,train
b7fc8506a28b7936faf336aeb603aa15f5a3d2208be9909b8bac976eb0093c23,今天的作业好多啊。,今天的作业好多啊。,normal,weak_label,data/normal_sentences.txt,25,train
b8be18f954cf202fec96a26c73cdbd71d03a943c7355ba41d26820ca6eda7405,我最近在学游泳。,我最近在学游泳。,normal,weak_label,data/normal_sentences.txt,163,train
bc0409cd73f931de5f6d8c362b9830e54cb23e256dae7b866f6572c6ca37c77e,修复了几个重要的Bug。,修复了几个重要的bug。,normal,weak_label,data/normal_sentences.txt,123,train
c05794a9d84775e84202e9807266f7f9890283db6e6f74823bc940bf9a38d353,今天作业不多，可以休息一下。,"今天作业不多,可以休息一下。",normal,weak_label,data/normal_sentences.txt,140,train
c2d80bc70ceff4900f71f8da4069e7c0a5790ff676e228bf61024d114dfc8871,今天的温度有点高。,今天的温度有点高。,normal,weak_label,data/normal_sentences.txt,131,train
c468af1729297c54ed1641a7326b2dc2fac02c1e07ca8ef0bb7b9bd873cabdfc,这个行程安排得很紧凑。,这个行程安排得很紧凑。,normal,weak_label,data/normal_sentences.txt,115,train
c4c907e272f4522cd5c23d83b38e90a7415c291a3a3ecd2dad02cf5bd94a92d2,请把窗户打开透透气。,请把窗户打开透透气。,normal,weak_label,data/normal_sentences.txt,19,train
c86b5ede4cd76a322a8d33596f3b181f67ba5136f7463055e8f6d457b5888ae9,你吃饭了吗？,你吃饭了吗?,normal,weak_label,data/normal_sentences.txt,8,train
c924cd16b9398b8f6134193c7a71f7b948d844fcc74316ec79874efce6312b6c,这个预算需要重新审核。,这个预算需要重新审核。,normal,weak_label,data/normal_sentences.txt,118,train
c9e2addd0dd6968b7d7f94696aa1650c64bad9ab3837248279f96f3e322f2104,今天地铁人好多。,今天地铁人好多。,normal,weak_label,data/normal_sentences.txt,42,train
cd146107fd8175f569ee54c903634fffde7db9bb7e9ed3eeca17dee9fd0c87b7,这本书写得非常好，推荐大家阅读。,"这本书写得非常好,推荐大家阅读。",normal,weak_label,data/normal_sentences.txt,20,train
cda9a5e63c50799c177b865c7a132da1201dac4950aaaa133c1d07db04e81b7c,音乐节下周举行。,音乐节下周举行。,normal,weak_label,data/normal_sentences.txt,146,train
d03c572a3b8e971208fa6815df57bbb958804a95f993d38d6e5cbc2a92489836,我喜欢吃火锅，尤其是麻辣味的。,"我喜欢吃火锅,尤其是麻辣味的。",normal,weak_label,data/normal_sentences.txt,2,train
d2379b77094d5269a4cf729841770c8aa10a7973d4910d22c2c55fb5f08a83b3,请问洗手间在哪里？,请问洗手间在哪里?,normal,weak_label,data/normal_sentences.txt,13,train
d3b478bef9c2abcc1b1c2cf9dcc744fc8aa96df14b53d8384c9e6af81061ceda,阅读这篇课文很有意思。,阅读这篇课文很有意思。,normal,weak_label,data/normal_sentences.txt,139,train
d6b756ec904ff52022e194c953161af067c5568389d3043f92f743dad21271c2,团队建设活动定在周五。,团队建设活动定在周五。,normal,weak_label,data/normal_sentences.txt,116,train
d888a27988227b5300b645d84ac3235dac9f2160701f25b64fce37fc4b65bbfa,口语练习很重要。,口语练习很重要。,normal,weak_label,data/normal_sentences.txt,136,train
db09f17fbb33a324dc0fd218933b59af405c3dc8139bc07c7252d595f0097495,这个品牌的护肤品很好用。,这个品牌的护肤品很好用。,normal,weak_label,data/normal_sentences.txt,152,train
df3f383f5b23a896affea8d91f9031bd9eaec385f2c3f60077b995b7d9b7bf99,我喜欢养猫。,我喜欢养猫。,normal,weak_label,data/normal_sentences.txt,24,train
e17a6ffb5f17a8b99a021855a0591008235204fba559e952f016c267c3650a6d,售后服务需要进一步提升。,售后服务需要进一步提升。,normal,weak_label,data/normal_sentences.txt,128,train
e26b0238631c7bfca3fe04be1a1274292c57ed875784541209808f3d1a58e2e4,这个游戏挺好玩的。,这个游戏挺好玩的。,normal,weak_label,data/normal_sentences.txt,41,train
e3914e9e2203fc8669852798781517dcd007420e7a8d41e38195a75712c8a4f0,我们要关注竞争对手的动态。,我们要关注竞争对手的动态。,normal,weak_label,data/normal_sentences.txt,126,train
e935b721fe2e908ce2b1de17adfd52965e63571a4c9836b701e80fb4a05ddb95,客户的反馈很重要。,客户的反馈很重要。,normal,weak_label,data/normal_sentences.txt,127,train
eb6914a13c38fae00b58103cf5f43f3882f7b1530a3b79afbdf743d37da507d8,我最近在追一部新剧。,我最近在追一部新剧。,normal,weak_label,data/normal_sentences.txt,141,train
ecd5dfbf4ff31d8150fc69eda8da1608586c17c24963229ec679f4b0630c0e5c,这个市场调研报告很有价值。,这个市场调研报告很有价值。,normal,weak_label,data/normal_sentences.txt,125,train
f2f4f074c76772741a231e7e015e4c67e947a8514eb9e5db80d62e2e9bfada22,早睡早起有益健康。,早睡早起有益健康。,normal,weak_label,data/normal_sentences.txt,159,train
f40dd0ae60358846ae42728cabbb7f825741a7a8c1b32398018220fb83d75e6c,希望下次还能再来。,希望下次还能再来。,normal,weak_label,data/normal_sentences.txt,189,train
fa29865cab559fe1f832d77f60f031e687f84e20c472786abb08ccfdff423d4e,团队合作很重要。,团队合作很重要。,normal,weak_label,data/normal_sentences.txt,166,train
fb1f2711e0195e18f79fb9b74bc63cac2e73e92fcd175c619b1d7d51ca51f1bd,演员的演技很好。,演员的演技很好。,normal,weak_label,data/normal_sentences.txt,143,train
0234a80330205134557f88aea07d8439eb1c0204768783ab41aa0af8f4d3fb62,问卷填写赚钱,问卷填写赚钱,ad,weak_label,data/violation_sentences/ad.txt,32,train
087eecd91fa39a25520b6df744b7ba58b9c8b292c3479a5dbaddfe7bfa3be79f,群众演员招募,群众演员招募,ad,weak_label,data/violation_sentences/ad.txt,63,train
0905939ea90532e6ab55181afa8ae4d85a51abdf4327e7e02ad5db78ee32455d,SEO优化推广,seo优化推广,ad,weak_label,data/violation_sentences/ad.txt,54,train
0b3929ac2616bc06ec1cd7a58d9e962bc25823559241883febeb58ec34ad2cc5,邀请好友得奖励,邀请好友得奖励,ad,weak_label,data/violation_sentences/ad.txt,13,train
0dbc78a7a0f46fa9212dc1a9c5686dd88691a9711a5eddce78d9b6b6df4714d0,车辆抵押贷款,车辆抵押贷款,ad,weak_label,data/violation_sentences/ad.txt,45,train
0dd5aaf7c195c490000c5ac86e054a71793c047c04f70137a18a769ad123b26a,0元购活动,0元购活动,ad,weak_label,data/violation_sentences/ad.txt,15,train
10d6eee34876e74fab30c2902f1a76dacc02ad3f8f02472925c9020cd12aa4cf,无抵押借款平台,无抵押借款平台,ad,weak_label,data/violation_sentences/ad.txt,43,train
172f33ef1cdb05f8033ec6b87da8a65b505c17a4b99381fdc7f49eb84078c475,版权登记服务,版权登记服务,ad,weak_label,data/violation_sentences/ad.txt,52,train
1cc047730f46b21346be76cdce733d3c7374d9555a59a8e064151556a203d6c6,电脑回收上门,电脑回收上门,ad,weak_label,data/violation_sentences/ad.txt,75,train
21aa9ce05af41c4863b336ba99e5054ce3ea768c337bbac49c8805e8313fed0a,剧组跟组演员,剧组跟组演员,ad,weak_label,data/violation_sentences/ad.txt,64,train
21d40bcb9f0006121c5bd94e182e94f2072f6bcd6bdd17cbabb702d5eea6c907,小额贷款秒到账,小额贷款秒到账,ad,weak_label,data/violation_sentences/ad.txt,42,train
292a95fd5c75ea448896972fc3f9c2407acca0c361f6173526527fbfaf3b3b4d,点击链接领奖品,点击链接领奖品,ad,weak_label,data/violation_sentences/ad.txt,10,train
2e09e066e82e26c6bbe86b1ed8c937fbd68f42b46c74b4a7d721ed2e2762aa53,满减优惠活动,满减优惠活动,ad,weak_label,data/violation_sentences/ad.txt,18,train
2f7af5f17c5baf93b062ada6a6790b3f4ff4e63eea67930b984bdb9e0427c5ee,注册即送10元,注册即送10元,ad,weak_label,data/violation_sentences/ad.txt,12,train
3f65e8b0f89de18f6e7e4cfb397d019310f6867447d47299e51cb84cd6c9aa53,艺人签约代理,艺人签约代理,ad,weak_label,data/violation_sentences/ad.txt,60,train
44560d8828d27419ca296a4dffa96a7dc70f6c588fe986d481eade3b81559000,限量版球鞋抢购,限量版球鞋抢购,ad,weak_label,data/violation_sentences/ad.txt,68,train
4db382b117166472915abbf85d239e1edbef4198201e5063c6c7cb49a99778ce,原单正品尾货,原单正品尾货,ad,weak_label,data/violation_sentences/ad.txt,22,train
4dfb6eef95b529d9e8fd4d3ff9f7c16e681d99eddc122e926c80439970edf08f,拼团砍价免费拿,拼团砍价免费拿,ad,weak_label,data/violation_sentences/ad.txt,14,train
5931db956f1dcdea6dbad003801608bd9c233c1f41a65f8472f0a3fc1e8816ef,淘宝刷单兼职,淘宝刷单兼职,ad,weak_label,data/violation_sentences/ad.txt,3,train
5a14169e1a13780108dfcad5afc754bd9d1a31a54a95776c4d2bd6bbe4048882,小红书种草合作,小红书种草合作,ad,weak_label,data/violation_sentences/ad.txt,56,train
5b271de39ee3962691e9773178834d84ad2860696b82fefaab29932c9b4fa9ae,代缴社保服务,代缴社保服务,ad,weak_label,data/violation_sentences/ad.txt,48,train
6515e63fb42b368c673d16b09e5ee687f1214513dad54aa5d15c7a08b897d868,打字录入员,打字录入员,ad,weak_label,data/violation_sentences/ad.txt,31,train
66796859d5056e2eb0d3559e1a0c0d6c5b3574005a904594d29a0a2cf5cb2987,网站建设套餐,网站建设套餐,ad,weak_label,data/violation_sentences/ad.txt,53,train
6adb86f294fd5d9031dc6f7cceb73ea65f9b7ecc4d2c7fb5f1331dc61569e9c7,微商代理招募,微商代理招募,ad,weak_label,data/violation_sentences/ad.txt,5,train
779be482a234fe2ebb916c20dec94e35b28cfa8effc412ca438a4eed5e7835fa,高仿奢侈品出售,高仿奢侈品出售,ad,weak_label,data/violation_sentences/ad.txt,23,train
840fdc932c1b951fb4782d1ff220e174fe931f40e10d9dc29f059b07c5e3bd6f,兼职打字员招聘,兼职打字员招聘,ad,weak_label,data/violation_sentences/ad.txt,7,train
84447adf5f525d5338266b21dedb011f7aeea05637a16ff225423fdd274563f1,宝妈兼职创业,宝妈兼职创业,ad,weak_label,data/violation_sentences/ad.txt,29,train
8b095bf41cce3c0e05ce011cf7a4fb7e10ad66216865f8683ad4535f50171350,下载APP送现金,下载app送现金,ad,weak_label,data/violation_sentences/ad.txt,11,train
8b75e409be67e58d0e9cd0c1f51fa97aa4f0aa3512888b854d57bb11fab1c4a5,模特招聘信息,模特招聘信息,ad,weak_label,data/violation_sentences/ad.txt,61,train
8f8cdc52b18f3303ec31f7cc044c85cb2f2ab5d833c43824af7b39b86ed3346b,精仿衣服批发,精仿衣服批发,ad,weak_label,data/violation_sentences/ad.txt,26,train
971780dbd12ba9d3b767cc0d83bd058c4890da390ffebefc0f4b67a351ea443a,奢侈品鉴定服务,奢侈品鉴定服务,ad,weak_label,data/violation_sentences/ad.txt,71,train
9a7496dc953328513700062112e597457a861397a73449123a965493850b68b8,黄金回收高价,黄金回收高价,ad,weak_label,data/violation_sentences/ad.txt,73,train
9ac6efa74db78d71c18b2f89479ccbb8266bfa5a43a9e3e24487db43fe642226,优惠券大放送,优惠券大放送,ad,weak_label,data/violation_sentences/ad.txt,17,train
9f621c8d78a917cf3e537b3ac96f363b1a967cc0f8ec1599766039ab22ae810a,网红经纪公司,网红经纪公司,ad,weak_label,data/violation_sentences/ad.txt,59,train
a81393d276ee57b61f2a3c64fdc9a1c10d73ee08d5a1b204f212e8e1937d9024,网贷口子推荐,网贷口子推荐,ad,weak_label,data/violation_sentences/ad.txt,41,train
aa302992d3ba1546cb27c3838a6e8d42ee97399116487dece26252f43d1fbc18,会员充值返利,会员充值返利,ad,weak_label,data/violation_sentences/ad.txt,19,train
ad27f121705d9831125617519267024ec89216bc995b8b45c00ac803bc9cfc66,手机回收估价,手机回收估价,ad,weak_label,data/violation_sentences/ad.txt,74,train
b00c7b3ee9ea3cf1ab19b5a4ff0765314cc1a086cead5e9d1ce0adb1e7536a51,刷单兼职日结,刷单兼职日结,ad,weak_label,data/violation_sentences/ad.txt,37,train
c355eec2570825b2c25991e316fb90bcd45d15426a896ae32dbd635a1d4a73dc,二手奢侈品回收,二手奢侈品回收,ad,weak_label,data/violation_sentences/ad.txt,72,train
cbf3bfbc2ea4c44e9fb472f9f30ecabd35d208afb0faccc7b2c40f791a395572,演员海选报名,演员海选报名,ad,weak_label,data/violation_sentences/ad.txt,62,train
d03ec7401dedfcc1e3f5f9b3cc2349750bfddf01a6216c06a82c2f9f54e6a8f6,支付宝红包活动,支付宝红包活动,ad,weak_label,data/violation_sentences/ad.txt,39,train
d473529197de89e34ae446fa3cdc0b05c20fcbef044ed571abe7a22803057611,低价代购正品,低价代购正品,ad,weak_label,data/violation_sentences/ad.txt,20,train
d865b36564a6cbfa7ecea5298c7cd64d4f462033931aa1f77726f2ad92ac7006,演唱会门票转让,演唱会门票转让,ad,weak_label,data/violation_sentences/ad.txt,66,train
dabc8c723b1ab727ceeecb725dae3d3e4ea7afb28d70117a3e0d1423908a2001,注册公司代理,注册公司代理,ad,weak_label,data/violation_sentences/ad.txt,49,train
db4fe81566951a1e5af1338a4e7e3c33b08c9975514f7c7027484c1054baecc6,招代理无押金,招代理无押金,ad,weak_label,data/violation_sentences/ad.txt,28,train
dcf4140aecbd42689f21aa3d1e70b9a0329f435c93c03918cb8fbafde56165aa,看视频赚钱APP,看视频赚钱app,ad,weak_label,data/violation_sentences/ad.txt,33,train
e3e541d3e59ac557bde37295b52e1d2e6c2185d31999cba9e1627a734b14ed8f,免费领取试用装,免费领取试用装,ad,weak_label,data/violation_sentences/ad.txt,9,train
e7179a5209549cb3715b50e150b3a48702d0d3958f3410532be6e512296a0cdc,做任务领佣金,做任务领佣金,ad,weak_label,data/violation_sentences/ad.txt,36,train
ec343694c0456b0f22e9c0aec95387c408f888e21bb1655d9768c74ba57452fc,微博营销推广,微博营销推广,ad,weak_label,data/violation_sentences/ad.txt,57,train
ef2753f15542e5360f4db012d2fef1dcda3d277be5bc5dc418fbca201456ac2f,学生兼职赚钱,学生兼职赚钱,ad,weak_label,data/violation_sentences/ad.txt,30,train
f06f91e74a7aa67db3bcfae6056940c4807ebb0785041ce4a36de4589f1708de,信用卡套现方法,信用卡套现方法,ad,weak_label,data/violation_sentences/ad.txt,40,train
f2173a01164fbf6baf0d36b58705038a8f25f103ebfd9cc47e9f2181648b8e82,扫码进群领红包,扫码进群领红包,ad,weak_label,data/violation_sentences/ad.txt,2,train
f85e54d9fc9fa6824f7cba8a64a1a9b4d68446766c2756d3307ff666fbd3b883,节目观众招募,节目观众招募,ad,weak_label,data/violation_sentences/ad.txt,65,train
0221eea13d1be93126860273e968f1c566fad44b7a131ccdeb0ff9cf6a01abd7,换妻俱乐部,换妻俱乐部,porn,weak_label,data/violation_sentences/porn.txt,32,train
05048ece1c2ec52f1517b6a7b82e52cebf08468d8a9390b330fffb84e73901dd,未成年人色情,未成年人色情,porn,weak_label,data/violation_sentences/porn.txt,74,train
0ea4d1cc9ec940a33454fc48945e46fb1c30f3fd94ef627720bae7bf3d83d1c1,黄播平台有哪些,黄播平台有哪些,porn,weak_label,data/violation_sentences/porn.txt,49,train
11811133deae9a58576a7898ba848c09e243936deba5ecd95c5ef64a91a41582,同城约炮群,同城约炮群,porn,weak_label,data/violation_sentences/porn.txt,34,train
13e12d1bbc588676783397410f72c43043ab87872f81ccbcc36f2b742fb76613,约炮软件哪个靠谱,约炮软件哪个靠谱,porn,weak_label,data/violation_sentences/porn.txt,1,train
16c8002aac38539df339ac78a50bf2b9da4ccf339b849d214a1e92fd99d98701,迷奸案判决结果,迷奸案判决结果,porn,weak_label,data/violation_sentences/porn.txt,37,train
1b42fc08abf3caab564b28833775701a2f6878f8801dc5b4774979ce476d6253,听话水效果如何,听话水效果如何,porn,weak_label,data/violation_sentences/porn.txt,29,train
1c55f62f83375188317942ebf04d1cb29e2e8e1ca9af11a61048f6582e2b6a46,色情游戏推荐,色情游戏推荐,porn,weak_label,data/violation_sentences/porn.txt,55,train
1f8c87ce8c8228b8abe6af87b7f33cb8838e5b8030bff097afadbff21728207a,催情药水哪里有卖,催情药水哪里有卖,porn,weak_label,data/violation_sentences/porn.txt,27,train
211198b8615b1f6abfd6c375fa79869f50fd4d14ff69e0c8f4ba812b3528716b,情趣用品推荐,情趣用品推荐,porn,weak_label,data/violation_sentences/porn.txt,24,train
27ba4b63a860c81babbd8ef908393b82788b874bae9f2bfe4ec376eb0581c3ae,激情小视频合集,激情小视频合集,porn,weak_label,data/violation_sentences/porn.txt,15,train
356b24642df2acc14c114056992aa849fbb115c2402d2523557acd8e89a51142,色情视频网站,色情视频网站,porn,weak_label,data/violation_sentences/porn.txt,9,train
37eb32f643da432cdd92a45f109c884a533e8ee5cd7b20c31dbd3133f7f8a786,飞机杯使用感受,飞机杯使用感受,porn,weak_label,data/violation_sentences/porn.txt,26,train
39d8fd693bf8e23baf9dbe58a7c2be6065d32d2c16ff6b4333568f49cd8293b4,黄油资源分享,黄油资源分享,porn,weak_label,data/violation_sentences/porn.txt,56,train
42a5aa571a412719b2f85f7c447c2e8208ef714933f86f9866a101a803fa11ae,骚货主播直播间,骚货主播直播间,porn,weak_label,data/violation_sentences/porn.txt,16,train
42f0756e369cd989d94741c1fd60bbf8aeee3ea1ab834b81696a1e6afbbfaaec,神仙水是什么东西,神仙水是什么东西,porn,weak_label,data/violation_sentences/porn.txt,30,train
51ed205f69bbe23cf4f908cadce24adc5c230b57c663c8e5ba369c65ce7bd534,擦边球主播,擦边球主播,porn,weak_label,data/violation_sentences/porn.txt,50,train
5797d7340eb641441b84dbe1f1f5b04a46c89e563281d0ef21ea6b24ebe1d884,网红大尺度照片,网红大尺度照片,porn,weak_label,data/violation_sentences/porn.txt,51,train
596406356e113354aa4904f3f32e34772120f4060442bc94bc9bbd58b58126cc,淫秽小说在线阅读,淫秽小说在线阅读,porn,weak_label,data/violation_sentences/porn.txt,18,train
6014255e771a83715e09ea0483be8c18ec117ba522bf92b626044580e8d1d8eb,迷奸水购买渠道,迷奸水购买渠道,porn,weak_label,data/violation_sentences/porn.txt,28,train
635fffbb188d0a7c720e49ea7b954f954ce5a0af089cab0f50eda183e5fdd06a,包养学生妹多少钱,包养学生妹多少钱,porn,weak_label,data/violation_sentences/porn.txt,7,train
65203bf18d2112050968c6afda283e87b86ec3304b9ae19d057cdb35ae629902,约炮群怎么加,约炮群怎么加,porn,weak_label,data/violation_sentences/porn.txt,8,train
730792473c73120e7f2fab0c7b13bab844928807cd1da9c9c04806501f1adc95,按摩店特殊服务,按摩店特殊服务,porn,weak_label,data/violation_sentences/porn.txt,41,train
73224a175a84695e23b30d0bced31d603e3f15edd9b64db0afa9d736b1a3151d,充气娃娃测评,充气娃娃测评,porn,weak_label,data/violation_sentences/porn.txt,25,train
77fb5a867a28dc0ca85f13f7343d557ed890a5de90eacf3ae9b7f926706586bd,强奸犯被抓了吗,强奸犯被抓了吗,porn,weak_label,data/violation_sentences/porn.txt,36,train
79e586d2d7493f21ae27a482112193a4f7d2e0e0bcb232ac6a735a684851f120,无码资源网站,无码资源网站,porn,weak_label,data/violation_sentences/porn.txt,65,train
7d16e6d1b1313c5f5dbd4652f40a23e2c0433088182f89f26c0f46308051af02,做爱姿势教学,做爱姿势教学,porn,weak_label,data/violation_sentences/porn.txt,20,train
7fa42b4575ebb6d88d6e6d6393a173f9800f33469ae4de191884eaab3d9cf319,口交技巧分享,口交技巧分享,porn,weak_label,data/violation_sentences/porn.txt,21,train
95063fb5941440da9a092fd2ed31d4ee0a8352d2350f4a89720be771ee77ea63,色情直播APP,色情直播app,porn,weak_label,data/violation_sentences/porn.txt,48,train
95342a65b590f85e6a9dd5993a6163130d0b02ff9301a0db9e450ee79e582a30,KTV公主出台吗,ktv公主出台吗,porn,weak_label,data/violation_sentences/porn.txt,43,train
966c0b73c9f315431213a03d42021dde4a24e2b03fcd92c46f8b3f6b8ee3cf2f,一夜情安全吗,一夜情安全吗,porn,weak_label,data/violation_sentences/porn.txt,69,train
98b2d223c4077271ea1c2f217bc393463e4c8e9cdea7b65ce13e38cd07b92f40,成人体验馆怎么收费,成人体验馆怎么收费,porn,weak_label,data/violation_sentences/porn.txt,46,train
9ce519d54dd28734890af18ae805a25cc583134fd560765b76a61c98a52b50d6,会所嫩模价格表,会所嫩模价格表,porn,weak_label,data/violation_sentences/porn.txt,44,train
a2b4476c71f0dc8363d230183199b684c4440269bda19dec6353059fb0ae4b6f,不良网站推荐,不良网站推荐,porn,weak_label,data/violation_sentences/porn.txt,73,train
a9162f83cd62d3a0271a7f4f98aa5b1d01e5afe35b6a33eb3749f3248ee7b4fb,二次元色情漫画,二次元色情漫画,porn,weak_label,data/violation_sentences/porn.txt,54,train
ac711a48451acdd25cef7ac4e48bcaf34ecb285c02f4ae0337083fefe048ff36,日本动作片下载,日本动作片下载,porn,weak_label,data/violation_sentences/porn.txt,58,train
b794c759f7e5ee355734d9e63cfcf79246ea80d9f5e340b6fc0d06be175b4ed7,包养大学生价格,包养大学生价格,porn,weak_label,data/violation_sentences/porn.txt,39,train
b961c4f940b58de3159a42012a5c2a9eba25e3c9578756d643dc3b9ac24db451,偷拍厕所被抓,偷拍厕所被抓,porn,weak_label,data/violation_sentences/porn.txt,62,train
bdda0de1bcbb4067cfd56fe4dca56f490cf326927c6fa7dbb3d74a37db34b98b,针孔摄像头购买,针孔摄像头购买,porn,weak_label,data/violation_sentences/porn.txt,64,train
c12038330a7005b696135c589727b67df9af3fb139ce281871f12b79ce1c5ed2,黄色漫画网站,黄色漫画网站,porn,weak_label,data/violation_sentences/porn.txt,19,train
c65b0421f7f2f1075dd8888393f844708f98eda05ae2cd92a386c396a3b302f6,嫖娼被抓会怎样,嫖娼被抓会怎样,porn,weak_label,data/violation_sentences/porn.txt,38,train
cc188e55ff711f3c8d789f8e075ece9a95c9f8ee555bb3111269c6bafdb52b8c,性感美女写真集,性感美女写真集,porn,weak_label,data/violation_sentences/porn.txt,12,train
cc6b063a78f0fac1d7e3e0814ab0c215885a28695aadbdce4a1af8a93728d6b7,偷拍视频流出,偷拍视频流出,porn,weak_label,data/violation_sentences/porn.txt,13,train
cd86b0f10945587fc8c7823bca85cc00e8b439482639e9a115cf925a461b41c7,一夜情贴吧,一夜情贴吧,porn,weak_label,data/violation_sentences/porn.txt,33,train
d153842647e46e7931b4991246aa33d46b5bd704a095eda8bce4c271326c5614,有码破解版,有码破解版,porn,weak_label,data/violation_sentences/porn.txt,66,train
d4a67836b1841edc44946398ab07c00f0b7463bc303988e3f92e5edbd6467fb6,约炮被骗经历,约炮被骗经历,porn,weak_label,data/violation_sentences/porn.txt,71,train
d6b75ab40ce6867248b8e686852d51c325fa4b0a408ca4150b8236799aca2025,韩国三级片,韩国三级片,porn,weak_label,data/violation_sentences/porn.txt,60,train
e6c7e0150ef8235e31693d707a458af0b717de11e0a91a1d6fbb67101412f3f1,群交派对怎么参加,群交派对怎么参加,porn,weak_label,data/violation_sentences/porn.txt,31,train
e903781253b3ff38857cc07762c2c23ed06a8dab847c7f43def3ed82138abf29,自拍裸照被曝光,自拍裸照被曝光,porn,weak_label,data/violation_sentences/porn.txt,14,train
e9d9c40da87643e3709494d08f98554fea0bc961ba5765a8b5792375d8b13602,福利姬推特账号,福利姬推特账号,porn,weak_label,data/violation_sentences/porn.txt,52,train
f28da4484f4daf7db92335289ef1a7b2209f858e9e1cff3c3448309782be896d,裸聊直播平台,裸聊直播平台,porn,weak_label,data/violation_sentences/porn.txt,5,train
fa69a84b25424fd83ee672e25ed982093b83844cec75b7d18753e901b5969687,成人电影在线观看,成人电影在线观看,porn,weak_label,data/violation_sentences/porn.txt,11,train
027944a408def29e072a36155366070fcb1687cf3f250ab923b42a8c8004679d,子弹购买渠道,子弹购买渠道,violence,weak_label,data/violation_sentences/violence.txt,23,train
08c15af9883d93d3298f9bf4be2fbbbb2ad29a1aee2d6b9884ea97afad427f3b,路怒症打人,路怒症打人,violence,weak_label,data/violation_sentences/violence.txt,43,train
0a9a7eacf227cf7cab9a35b720853ecf62e43fa8a330c0890126a5d40271558b,杀人狂魔电影,杀人狂魔电影,violence,weak_label,data/violation_sentences/violence.txt,34,train
0c6210857e2da5e6c49d264e703c9b69455b984a29ef21089f00c06ca2b52d5e,弩箭购买渠道,弩箭购买渠道,violence,weak_label,data/violation_sentences/violence.txt,20,train
17ffb78e3104adafe9dfa98acd7a3247d5f8d7defba4b5e3cb90f8c3562d2e6a,暴力游戏影响,暴力游戏影响,violence,weak_label,data/violation_sentences/violence.txt,35,train
18023a2d4b9f89f065b224ce6e7186a524e9369d419d09a27c27a49a79c7627b,弩弓打猎工具,弩弓打猎工具,violence,weak_label,data/violation_sentences/violence.txt,26,train
1b2c0e0212a73815d7a0d9ebfbb4c19ceb66497f003d9c1c1e11e9475ff93318,刀具管制规定,刀具管制规定,violence,weak_label,data/violation_sentences/violence.txt,28,train
2f103476ee4ed43dfd5beddeeca129e8293129642b754bafc85d2ab48a6c797d,植物人苏醒概率,植物人苏醒概率,violence,weak_label,data/violation_sentences/violence.txt,66,train
35d180f9b660c4c5d9c446bdaca734f6d8f48b4cadea93dcd71a2c5ba4dd5a0a,黑社会寻仇,黑社会寻仇,violence,weak_label,data/violation_sentences/violence.txt,8,train
3f2b8793a5049df5118cbab0a1ba8b5d925595e1ee5f1a3bcd8de7c418b175b2,醉汉闹事被打,醉汉闹事被打,violence,weak_label,data/violation_sentences/violence.txt,44,train
43cc82fe14ba61de8f42fe07c20d005e4069317663e9201736f43058a21a9787,脑震荡后遗症,脑震荡后遗症,violence,weak_label,data/violation_sentences/violence.txt,65,train
4e708b6751136ad656d4d224fa692a4de739b2dcf8366e37fe3dedaf631ba035,弹弓射玻璃,弹弓射玻璃,violence,weak_label,data/violation_sentences/violence.txt,59,train
5241b2e1b71cfdecab63a8a9e6e6fd966da51d97c989272df1cb01d999df8175,校园暴力事件,校园暴力事件,violence,weak_label,data/violation_sentences/violence.txt,5,train
61aad4fabe7566150a12b823d7d81f6ac4e826db3671eea9fda8f69ddfaf56c0,怎么杀死一个人,怎么杀死一个人,violence,weak_label,data/violation_sentences/violence.txt,1,train
64ea8b9bdc70c516ef77bdd9c52518aa0adce5b304c1bc2c4e75d9c9c10627bb,群殴注意事项,群殴注意事项,violence,weak_label,data/violation_sentences/violence.txt,37,train
68ab57afafd160979895371b56327a199ee31e40dd3befa30c292113d990e1b7,内出血症状,内出血症状,violence,weak_label,data/violation_sentences/violence.txt,64,train
6d55a2dad3661dd1a3c9af849a1cce010478844fe01671830255d08a345a6dcf,枪支拆解视频,枪支拆解视频,violence,weak_label,data/violation_sentences/violence.txt,22,train
6e1189cb1b8d6e9a960ce831159117aed6f9328e7af9f318492bfe8e11af5c72,连环杀手案例,连环杀手案例,violence,weak_label,data/violation_sentences/violence.txt,32,train
6e68e61ace04bf1e449cd00ceb179ccab9f7eee1c901bebd5a60690246445fa6,打架斗殴视频,打架斗殴视频,violence,weak_label,data/violation_sentences/violence.txt,6,train
6f1067491f6e0ade5882c39db7545524fad180635bc904f1979c28e0a5cff66a,炸弹制作材料,炸弹制作材料,violence,weak_label,data/violation_sentences/violence.txt,56,train
7553931aa3637ceb46bbb9ef97cb93e30e77942a1a260d4f0d6ca0d40f363789,谋杀案侦破细节,谋杀案侦破细节,violence,weak_label,data/violation_sentences/violence.txt,31,train
8f92055a51814b17f7a6f393f74f70da70084b5933466056c1dce20cac9fda42,砖头砸人头部,砖头砸人头部,violence,weak_label,data/violation_sentences/violence.txt,61,train
96ba5cfb6e76b242995bf04265cea1bbb471d6468ab9511bcd8542f17048c8ae,弹弓打鸟违法吗,弹弓打鸟违法吗,violence,weak_label,data/violation_sentences/violence.txt,19,train
97bc1669d982ab5e31de528986a6687d4314877c39ef59645bc60450da3e585f,毒品交易黑吃黑,毒品交易黑吃黑,violence,weak_label,data/violation_sentences/violence.txt,51,train
990eff64a15b498d8f84d2b987f979f8da220510db4e1d64bd0eb504edeb3a16,暴力老师打学生,暴力老师打学生,violence,weak_label,data/violation_sentences/violence.txt,39,train
99b5cc295cb2414c30b655689bb7653491ffd300c396ee9872f62950eb92104f,汽油燃烧实验,汽油燃烧实验,violence,weak_label,data/violation_sentences/violence.txt,15,train
9bd3e7ba0e2454072c2e5b62952c4791177ced65f7ee0633d563deb403777011,激光笔照射眼睛,激光笔照射眼睛,violence,weak_label,data/violation_sentences/violence.txt,58,train
a370bf74655c6b01990f36ae80834e8d94904a118d95de5c59114e40e47882e8,商场保安打人,商场保安打人,violence,weak_label,data/violation_sentences/violence.txt,45,train
ac2ff5e09b782034a72f3347ebeca1e29f8949d5aab16a04888ee5500ad21c0d,炸药制作教程,炸药制作教程,violence,weak_label,data/violation_sentences/violence.txt,21,train
ac8d744d74776f55508b861cc4d7070f34aa130df381d01b2f49b8c167330eeb,打架如何打赢,打架如何打赢,violence,weak_label,data/violation_sentences/violence.txt,36,train
b01f7e6241e7c83c95badff584d84caecd34f182903cedbd4876d66412169445,砍人后怎么处理,砍人后怎么处理,violence,weak_label,data/violation_sentences/violence.txt,9,train
b0ca3e193776480a0a2b191e85add2f846a410b5058b1bb4dd7e5539e80d9acf,香港古惑仔电影,香港古惑仔电影,violence,weak_label,data/violation_sentences/violence.txt,47,train
baa96ea25b4ef5a0254ac93a6b33cc53ebcbd35b2fb7870a475a0931b3f00474,防狼喷雾自制,防狼喷雾自制,violence,weak_label,data/violation_sentences/violence.txt,18,train
be407a9bcd42d00a85f4625b7f955ae6538ef0802f75b572842a3b0b824d0c82,毒气伤害原理,毒气伤害原理,violence,weak_label,data/violation_sentences/violence.txt,57,train
d4fb7043a8aa73f15fd2eb5fbf652382de48502b7ae56b7b197a545d3eea17c1,铁棍打人后果,铁棍打人后果,violence,weak_label,data/violation_sentences/violence.txt,60,train
d95805f1e1e8cb4a04d56727721a8e54e8a6da9531c3c30185713fb13c2cfcb1,爆炸新闻事件,爆炸新闻事件,violence,weak_label,data/violation_sentences/violence.txt,53,train
db9ac8ba1d6a0c12b911cb26f0de46d22f32cc9bf1122bd366c6cccfb0223c4a,跳楼痛不痛,跳楼痛不痛,violence,weak_label,data/violation_sentences/violence.txt,12,train
df1067d0bec52f956839261fe1cb5cec4d070287b3cdf75ecd8b7415af36a23e,毁尸灭迹方法,毁尸灭迹方法,violence,weak_label,data/violation_sentences/violence.txt,30,train
df1b383c17b349d26cc8cc940bb0c1bf44df23c76967e78c04c758873402e033,安眠药过量致死,安眠药过量致死,violence,weak_label,data/violation_sentences/violence.txt,13,train
df53cf3385f984cb9c39d1a5a1f5cb90a6318713f3f5bbfef5845446a53a6aa9,恐怖袭击伤亡,恐怖袭击伤亡,violence,weak_label,data/violation_sentences/violence.txt,54,train
e21ece4d2b5cc062b8d34d07e7da203e6c9e6cba787b89f25188a84cbc596e7c,军用匕首出售,军用匕首出售,violence,weak_label,data/violation_sentences/violence.txt,24,train
e2492d70c8cf4ab49e4370fae504aa0abd5de6e2e935a122865f15ce26ec826a,割腕会不会死,割腕会不会死,violence,weak_label,data/violation_sentences/violence.txt,11,train
e4b144a08e6e11c9111fa9faa1efadf8b0ae07d3ec289f2701b5960e60df11a5,自制炸药方法,自制炸药方法,violence,weak_label,data/violation_sentences/violence.txt,2,train
e6e9bef448c97b86559feb1c870101371e1989d253feff130fab08a34517a1ee,持刀抢劫新闻,持刀抢劫新闻,violence,weak_label,data/violation_sentences/violence.txt,7,train
ecb6f9253391beab71f0c90af2c9acbafe893d1f2681f6f2d0e523322e720903,心理变态特征,心理变态特征,violence,weak_label,data/violation_sentences/violence.txt,33,train
fc2c0d1e14c0c0944c40f8f701a04fd914bece3734760e60eef72e6b18378126,山口组历史,山口组历史,violence,weak_label,data/violation_sentences/violence.txt,48,train
027d1bc9efcb5781538ba713416ad97edcdce5869a7848cd487398f11a851e78,金字塔诅咒,金字塔诅咒,sensitive,weak_label,data/violation_sentences/sensitive.txt,11,train
05a7e01642e72ec62b24e28749c752c737cace0249eaf0a2dc63cc7277a2357a,麦田怪圈之谜,麦田怪圈之谜,sensitive,weak_label,data/violation_sentences/sensitive.txt,9,train
07555a3c087a1338115342acdb9aa436da487b8ac3a3756f15910aa226fa37a8,星座运势分析,星座运势分析,sensitive,weak_label,data/violation_sentences/sensitive.txt,21,train
08c8cd98912cf4b8a83aca562084bf61e8f9dee274463c39a9d4d032c9516cbe,通灵大师算命,通灵大师算命,sensitive,weak_label,data/violation_sentences/sensitive.txt,18,train
0b0dcfc2367d36b311a271717732dd664d4bc6bfcdb77ade05975c354e6ee930,庞氏骗局案例,庞氏骗局案例,sensitive,weak_label,data/violation_sentences/sensitive.txt,67,train
0f89e832c38d0cca73fe788823f1e48f524af1f32cc3487fef714157a6e91a4c,虚假中奖信息,虚假中奖信息,sensitive,weak_label,data/violation_sentences/sensitive.txt,81,train
10417cba1729974de287e41c8948c141da790d33d73da2900a7532eed6fdecd5,催眠治疗前世,催眠治疗前世,sensitive,weak_label,data/violation_sentences/sensitive.txt,55,train
1a42ac2f831493e3bb4ed015884ff96b2791b8c6bed45b175730787801b507aa,骗术大全揭秘,骗术大全揭秘,sensitive,weak_label,data/violation_sentences/sensitive.txt,82,train
1b2e4f2b2979697ba334e892b85734c2669fb3891b6c0f017b1c244ce7d9006d,传销组织特征,传销组织特征,sensitive,weak_label,data/violation_sentences/sensitive.txt,65,train
1cf1c78fc24a4c8d21d86c0d75e29c419f92a05b6654f34ac7beec132a942820,招财摆件推荐,招财摆件推荐,sensitive,weak_label,data/violation_sentences/sensitive.txt,29,train
239c897325d3f1f2e064123ab3f1ef812add8cbda750d0dac5ca3faf4674f01f,2012预言是真的吗,2012预言是真的吗,sensitive,weak_label,data/violation_sentences/sensitive.txt,2,train
2ce5c5aee96aede8722996f78a89e0b741ccea23f3b88def8b63d106711778b2,世界末日预言,世界末日预言,sensitive,weak_label,data/violation_sentences/sensitive.txt,1,train
3ccd3d666bf293109fb640512979932eeacb5d4763d395b44266157a46702871,探险鬼屋经历,探险鬼屋经历,sensitive,weak_label,data/violation_sentences/sensitive.txt,49,train
4c15e4b16d134905d1c95f3bf40a619c3e058e45561a8478d575fb05c2e915f4,非洲巫毒教,非洲巫毒教,sensitive,weak_label,data/violation_sentences/sensitive.txt,42,train
4eb345f148a17830140890d035dc45bf2fd9cfafbcc843d2ea497d271752760b,推背图真相揭秘,推背图真相揭秘,sensitive,weak_label,data/violation_sentences/sensitive.txt,4,train
51332c1113f698d8bbd27f657cac2d4ebeb9a7faab2d36ae8b9663825d319c10,善心汇传销,善心汇传销,sensitive,weak_label,data/violation_sentences/sensitive.txt,72,train
566af2b4bf70a53e7334b0730a2cdce21ca45855d4db1e89ad2dbcc814b6da97,吸血鬼真实存在,吸血鬼真实存在,sensitive,weak_label,data/violation_sentences/sensitive.txt,16,train
5e32b0360f41e117a3358f51aef5d1cdddf3cf4f3e686458d06866efcc207e21,冒充领导诈骗,冒充领导诈骗,sensitive,weak_label,data/violation_sentences/sensitive.txt,79,train
61b4f9c7c3c29bdc5bb7f5d8b8769c3ef6cbc08025ab5b3ff5c5acfdf8596f39,诺查丹玛斯预言,诺查丹玛斯预言,sensitive,weak_label,data/violation_sentences/sensitive.txt,3,train
631e50aba5e741fd77109278071edb4d869366c3fed895468d8d27786a9b15a0,云联惠传销,云联惠传销,sensitive,weak_label,data/violation_sentences/sensitive.txt,71,train
637a7597a076dd6d3d3b9ca6b5a4aa3d3c5f128f8a174b36a73d31fa7a573ef1,法老宝藏传说,法老宝藏传说,sensitive,weak_label,data/violation_sentences/sensitive.txt,12,train
698b4e654f87fec6db9d7fe04d6c394f04c11751d8dd42738ba1a4ead0c819a4,下降头报复,下降头报复,sensitive,weak_label,data/violation_sentences/sensitive.txt,34,train
7014458d8809991c3344694a4ba85942893c075950f93343909522c1bbe44ae4,分手复合方法,分手复合方法,sensitive,weak_label,data/violation_sentences/sensitive.txt,32,train
70f93efd9376e9c218b7e91d50ffeeea47a7917ec42263eb3faf0dab2f6934ec,阴阳宅风水布局,阴阳宅风水布局,sensitive,weak_label,data/violation_sentences/sensitive.txt,24,train
762a2f9638df9c1b88a3c9572fb7284917dce1df49a83304c20121a230e3ea26,烧饼歌解读,烧饼歌解读,sensitive,weak_label,data/violation_sentences/sensitive.txt,5,train
7ceb77fc325c94aa4da9dd4c6338369afcb2b54be6673b32d73d74c679fa5271,撞鬼经历分享,撞鬼经历分享,sensitive,weak_label,data/violation_sentences/sensitive.txt,46,train
83b495ff99946b5e3c0c9822b35fe1612bfe2fd07d2e2fc6eaef6e27936ed18f,防诈骗提醒,防诈骗提醒,sensitive,weak_label,data/violation_sentences/sensitive.txt,59,train
87bee63468d592977e409a8a1094b940056235a0aa43bc1bf45c6c4b97a86b12,资金盘盘主被抓,资金盘盘主被抓,sensitive,weak_label,data/violation_sentences/sensitive.txt,74,train
8e8cef98c5cd796bcfc9e524b0a898192508e2fe3c56c5c2487ef04a66633a4e,冒充公检法诈骗,冒充公检法诈骗,sensitive,weak_label,data/violation_sentences/sensitive.txt,61,train
913625d9dcab9130eca3731e135b63f765e8b6e0e94c8f90753a0010714fd1b6,招魂仪式,招魂仪式,sensitive,weak_label,data/violation_sentences/sensitive.txt,44,train
933de1c0c39731ec8a6c94ec3ef5f919f16fbed74532d4c5ecc9e2d5eb442c85,占卜测试运势,占卜测试运势,sensitive,weak_label,data/violation_sentences/sensitive.txt,19,train
948dc421fdf50763d9615cd65d9297ee5f939906662acfb577889eefa365d6e7,属相今年运势,属相今年运势,sensitive,weak_label,data/violation_sentences/sensitive.txt,22,train
96a17e7ee4a14a09bad70fb44760b7bba346e3aa34f0e2e4e61a87fa8371c876,蛊术是真的吗,蛊术是真的吗,sensitive,weak_label,data/violation_sentences/sensitive.txt,35,train
980d0596b33d7978d54227d6c50d3bf08a2b37b8af8fa7fd10778e6d2ef7de28,日本咒术文化,日本咒术文化,sensitive,weak_label,data/violation_sentences/sensitive.txt,38,train
9bf6c0c30c2ff81d49c7aac4d1b5a5dd05c11b3610d1049e63eaafde8996656d,e租宝事件,e租宝事件,sensitive,weak_label,data/violation_sentences/sensitive.txt,68,train
9f4edee52e7ace7c3deb1047559a57845301599e5282145bc2bca505a51c59a2,开光加持物品,开光加持物品,sensitive,weak_label,data/violation_sentences/sensitive.txt,28,train
a4e53fa4b88bfe2ac239d38530dc9c3af1c43a4161814d8b78ed2ea71e77d3b1,鬼压床怎么办,鬼压床怎么办,sensitive,weak_label,data/violation_sentences/sensitive.txt,45,train
a7ca88c8b6dc28ed4a3c1ac4942e4a53ad507197e6e5eee66b54178df2ff4261,风水骗局揭秘,风水骗局揭秘,sensitive,weak_label,data/violation_sentences/sensitive.txt,58,train
a914f67ece76805457edcadc1b67c80cdd9645514688a993659c52a1f76f436b,狼人传说起源,狼人传说起源,sensitive,weak_label,data/violation_sentences/sensitive.txt,17,train
b3239fe548e3c7e4ba98c9aefd6f0a3ddca6c83ef8db33b929f917f3f7cd8e3e,丧尸围城电影,丧尸围城电影,sensitive,weak_label,data/violation_sentences/sensitive.txt,15,train
b35ba3e30f1b2762c98e2b79fc5839ae93359dca5b5df47278b74b713ceecd4d,僵尸病毒爆发,僵尸病毒爆发,sensitive,weak_label,data/violation_sentences/sensitive.txt,14,train
bf07b2b1cc51ac26d0d7bab00ea09001c79750817a7e7dde48e7460a3a07fbbb,冒充好友借钱,冒充好友借钱,sensitive,weak_label,data/violation_sentences/sensitive.txt,80,train
ce324263cd5d44be91a1edda550239882f8106cbdddcf91bbefa38e40d5bea4e,塔罗牌占卜,塔罗牌占卜,sensitive,weak_label,data/violation_sentences/sensitive.txt,20,train
ce4df08a16e62222288b2e9b0a6721168a3798baebbcbff283990a3e4280eb03,文昌塔助学业,文昌塔助学业,sensitive,weak_label,data/violation_sentences/sensitive.txt,30,train
ce6c90e9f0538470aba5d8333889dd88263ba862a1345b4911d6aefb1997ccd4,碟仙传说,碟仙传说,sensitive,weak_label,data/violation_sentences/sensitive.txt,51,train
d4f8e0fd29a8483b25bbda627fd2cd3e635d8f04ecb152fd572385fab53c9306,外星人绑架事件,外星人绑架事件,sensitive,weak_label,data/violation_sentences/sensitive.txt,7,train
d69be7fbae5ec7fae4919dfdc94dfb9bac7e4f6613bac186240387dd15c7f367,玛雅预言实现,玛雅预言实现,sensitive,weak_label,data/violation_sentences/sensitive.txt,6,train
d874c6d6443a717ffdc2f432d77af17b37cf43e61c46cb476e0720a5b0e304a7,UFO视频流出,ufo视频流出,sensitive,weak_label,data/violation_sentences/sensitive.txt,8,train
db6af0f760ac27dee6a59459d497bfecf3e026f69351403ab9f8115ab7e5dd6f,消费返利骗局,消费返利骗局,sensitive,weak_label,data/violation_sentences/sensitive.txt,73,train
e1cb3c65c7254e463c617adc7e4bcffe24c3e89ab351ccd66c0c12a7fd34483b,刷单诈骗套路,刷单诈骗套路,sensitive,weak_label,data/violation_sentences/sensitive.txt,63,train
e60d1fa81fd5b7ecd6df982d878470f08c4787c1c2fc296b7ca67a604622d8b7,印尼巫术传说,印尼巫术传说,sensitive,weak_label,data/violation_sentences/sensitive.txt,41,train
e82bc6a306caf5fbe189f357bcf9ab5e1449b57a528b8876185e83bb933e5620,前世今生轮回,前世今生轮回,sensitive,weak_label,data/violation_sentences/sensitive.txt,54,train
ecfb34f5a63945b04bd6dac0f2c22b732edd9cd7327a73222db0b9ec363f34bd,淘宝退款诈骗,淘宝退款诈骗,sensitive,weak_label,data/violation_sentences/sensitive.txt,62,train
f0e20ce7b585880c8a56e14b855c87ae80e077ffdc02353e65e3a618b5ac8e02,灵魂出窍体验,灵魂出窍体验,sensitive,weak_label,data/violation_sentences/sensitive.txt,53,train
f650ad729c8703c9f6a1f1789dd823cfa531e8f913acea4f1d92c7efcdc253bb,缅甸降头师,缅甸降头师,sensitive,weak_label,data/violation_sentences/sensitive.txt,40,train
f98da6addeac792a0d4221f6f14f9b711c597c59afc72ec43f6f7c3c9aa06ccf,通灵板使用方法,通灵板使用方法,sensitive,weak_label,data/violation_sentences/sensitive.txt,52,train
fc8ab6f78c2dea249b60bc401a33b0e91ad77bfaf0a04aca62523b45a597a7a9,挽回前任技巧,挽回前任技巧,sensitive,weak_label,data/violation_sentences/sensitive.txt,33,train
ffbcd82e8c88a9243e56c9162f21e19d7f57f3c5f774c8710aeb960a85dffcab,直销和传销区别,直销和传销区别,sensitive,weak_label,data/violation_sentences/sensitive.txt,66,train
2a38d19115c17045ae9c58f00c6d03eeafe6bf597a7d4a77e0c0070218d5fc5c,你喜欢哪个季节？,你喜欢哪个季节?,normal,weak_label,data/normal_sentences.txt,180,validation
2d28f4cccb3da57bd30d947d18b658830e467f8762595ff2fb8ebe986f81ecfd,产品发布会定在下个月。,产品发布会定在下个月。,normal,weak_label,data/normal_sentences.txt,124,validation
2d3a353fbf4c9971bde508cea0672e41bdd24c0869ee853e62c2a290a1993d89,明天要考试了，好紧张。,"明天要考试了,好紧张。",normal,weak_label,data/normal_sentences.txt,34,validation
2df219708b75e5a05f49b248f1e076981d232bb4fcd9a89e15afc52a46947731,明天可能会下雨，记得带伞。,"明天可能会下雨,记得带伞。",normal,weak_label,data/normal_sentences.txt,16,validation
31dad5eede98d781db7e8e874e7483b2502fbb53461421efcdf7f553833e4501,你们公司还招人吗？,你们公司还招人吗?,normal,weak_label,data/normal_sentences.txt,38,validation
3abe9568fd26781da70032bfe36585661407f24870ad4a6995e426e39b1d8ce2,换季了需要买新衣服。,换季了需要买新衣服。,normal,weak_label,data/normal_sentences.txt,153,validation
40ab891b4498e8eb4acb58e59642709f1ea5dfa19c88a06649bf7d702c15b6e6,请确认一下这个时间安排。,请确认一下这个时间安排。,normal,weak_label,data/normal_sentences.txt,112,validation
434d4928de4a47f66dcbcb49e0d5ac656b540488c57dbaa2674338e78bfa8918,这个数据看起来有问题。,这个数据看起来有问题。,normal,weak_label,data/normal_sentences.txt,106,validation
482d99a6d983f48394ec63fe3814b98212abc28f206d0eabb88be076c875d0a6,我最近在学习一门新语言。,我最近在学习一门新语言。,normal,weak_label,data/normal_sentences.txt,133,validation
5e33e255df01a0248ff2e74a83cd96224d0293d42afe971bf3e6bfdec345922b,明天要交报告了，得抓紧写。,"明天要交报告了,得抓紧写。",normal,weak_label,data/normal_sentences.txt,105,validation
648701ad2e8c1297dce17f0b6d0cfaf97aa4369bb87cb336604726fd5c95b6f9,保持健康的生活方式很重要。,保持健康的生活方式很重要。,normal,weak_label,data/normal_sentences.txt,157,validation
74362920e95e17cd06a84e18eae48a880f8b03784500aee971ad9d277dfd8f21,百度地图导航挺准的。,百度地图导航挺准的。,normal,weak_label,data/normal_sentences.txt,29,validation
8452b3302b6e55b54a389362533bbf1148789f7c87579dd5723b8c70b9bebdad,这个价格有点贵，能不能优惠一点？,"这个价格有点贵,能不能优惠一点?",normal,weak_label,data/normal_sentences.txt,12,validation
ad0d6a815dc7fe807e94c90b768a109b27026d3341ee5a48cd18bc7292117c30,这个功能还需要优化一下。,这个功能还需要优化一下。,normal,weak_label,data/normal_sentences.txt,109,validation
bd45a6821c12639ddeb6c8d763dc70cf7f607964ed0ab49bee6f1607c3e6dabf,新年快乐，万事如意！,"新年快乐,万事如意!",normal,weak_label,data/normal_sentences.txt,22,validation
bf67a71561a5c9fb12bcf73f0757a62415e9e36b9387ae70fd3247f56755f865,今天天气真好，适合出门散步。,"今天天气真好,适合出门散步。",normal,weak_label,data/normal_sentences.txt,1,validation
bfba284a1ede807684fc134c489e98bfa1e0fe5ffaacc510e49d4141d8b6aae9,这件衣服的颜色很好看。,这件衣服的颜色很好看。,normal,weak_label,data/normal_sentences.txt,28,validation
c1721a2f431caa2fda060e5653b48ddd8936ae7fc21ee326b357e16e4f9965e1,住宿环境很舒适。,住宿环境很舒适。,normal,weak_label,data/normal_sentences.txt,183,validation
c2a3d93f4501cc9c0c3e1a1b67dd63211f47c6a51ac8956d87235f1eb268a679,我们订了明天上午的机票。,我们订了明天上午的机票。,normal,weak_label,data/normal_sentences.txt,113,validation
e6f66801b7a5567007d7258e2e32d421c47b91cb26e1cd7e212b9a99ed5a3c2f,这次旅行很愉快。,这次旅行很愉快。,normal,weak_label,data/normal_sentences.txt,184,validation
fdce3c3f1325210463e39f57b9521b53d6cb10f5646a630f645283081ccd4da8,今天的课程讲得很清楚。,今天的课程讲得很清楚。,normal,weak_label,data/normal_sentences.txt,14,validation
01108993895a2dd19e397d0771384f42019cb44e87172b3b4c22210e785ad59b,在家工作月入过万,在家工作月入过万,ad,weak_label,data/violation_sentences/ad.txt,8,validation
30d1611d3ee4b5abcc8f5255701c13fa2813b4dc11374c80e81b018e754c050b,网赚项目推荐,网赚项目推荐,ad,weak_label,data/violation_sentences/ad.txt,6,validation
4c4dac09806aa9f483f2801c7e4d97305d8316bfcab4e4aea60b9a862adab438,房产抵押贷款,房产抵押贷款,ad,weak_label,data/violation_sentences/ad.txt,46,validation
6526cb0d8471042532c6cf012cb47fb297b9eb4420dc231f7c63b7d86beeed11,身份证贷款,身份证贷款,ad,weak_label,data/violation_sentences/ad.txt,44,validation
86565b1d4b25330020eeee7ec8df8a61e4b83f617fb2419f2cceea7a4d2fcb98,专利申请代理,专利申请代理,ad,weak_label,data/violation_sentences/ad.txt,51,validation
8e32ccc6d17b7522d6de63351ef55259fbbcc3dfc387b7cb786b66c51301aaa9,商标注册优惠,商标注册优惠,ad,weak_label,data/violation_sentences/ad.txt,50,validation
a436a75e80bc06ea9c60568ab66ad1d91f61e4f0b5359f4e4f62d25faa83cee1,美妆产品代购,美妆产品代购,ad,weak_label,data/violation_sentences/ad.txt,70,validation
c98645c89ded32a88dd340a771a423880c337c6d651bd1ded834fbf061a00183,阅读新闻赚钱,阅读新闻赚钱,ad,weak_label,data/violation_sentences/ad.txt,35,validation
d664ced4091e8a5bf4bf01cea7f630bdac163823f7c24cee92ec4fadafdb77ef,抖音涨粉服务,抖音涨粉服务,ad,weak_label,data/violation_sentences/ad.txt,55,validation
dd156b7f559faf92feb16ef25042c80801978c5f2405a5a69c227682a2ed36d8,复刻版鞋子,复刻版鞋子,ad,weak_label,data/violation_sentences/ad.txt,25,validation
f6aee404cc2413a1300576a13fc92230a72174e8bfe2197e043e072f81f2c2b7,专柜品质价格低,专柜品质价格低,ad,weak_label,data/violation_sentences/ad.txt,21,validation
25a0795a1282243faeac3537a6bab03234306e8c70b5c3872bfd348c297a6f4d,附近的人找小姐,附近的人找小姐,porn,weak_label,data/violation_sentences/porn.txt,2,validation
2d5871f623449007fcd45965c2fdb28967f5d4bc4fae047cf8c80640c99391b9,av女优排行榜,色情视频女优排行榜,porn,weak_label,data/violation_sentences/porn.txt,57,validation
367f6c46649d0150f707d2ed637ac5128f333ebef3b01affd8efbfd0b1a2c2e0,国产自拍视频,国产自拍视频,porn,weak_label,data/violation_sentences/porn.txt,61,validation
4e2a93612db4ecb7997e14d3b7ecb47715efde0770bb43ab515e417d7ad8389c,裙底偷拍工具,裙底偷拍工具,porn,weak_label,data/violation_sentences/porn.txt,63,validation
5dc8b0cf9849c341aab91c73a83744bee150cae2d4d9f2f1fb3d8b4c4c780718,cosplay色情图片,cosplay色情图片,porn,weak_label,data/violation_sentences/porn.txt,53,validation
84319bdf832f45e19a18d4398f48f40eced42b63db0a929f6d5cd4ffc78cd068,看黄片的地方,看黄片的地方,porn,weak_label,data/violation_sentences/porn.txt,10,validation
9c6ecfb07b094a21d2ce794cea821cc3b5c993803a626c40defdd19f3debf395,找小姐上门服务,找小姐上门服务,porn,weak_label,data/violation_sentences/porn.txt,40,validation
9d8a9297ef2d20be41517f034f31729207582e57077dbec5db61b7441a09abef,一夜情怎么找,一夜情怎么找,porn,weak_label,data/violation_sentences/porn.txt,3,validation
b29fc011fba3341f4f52ea05d7d757209fe5a66ef8d2ce08165a71db6309bad5,裸体写真拍摄,裸体写真拍摄,porn,weak_label,data/violation_sentences/porn.txt,47,validation
bf2d69ebf01412ea761f9bda64e8f37c46ddd9d2b21a5d40852cc28d11aa4bbc,欧美成人电影,欧美成人电影,porn,weak_label,data/violation_sentences/porn.txt,59,validation
e878a4b8de68c930d9538d61d2ac4c4d1b2d6c3a0d74fe6afdb7e2ff8a35a702,淫妻交流论坛,淫妻交流论坛,porn,weak_label,data/violation_sentences/porn.txt,35,validation
064e7f021ddff376340da4437265cfae56a0bded78517734731d452f458474b2,意大利黑帮,意大利黑帮,violence,weak_label,data/violation_sentences/violence.txt,50,validation
1e896aead093504127082a90f3e9a394dfb86d3b1049785b9bf40f8e99c3a750,伤人后逃跑路线,伤人后逃跑路线,violence,weak_label,data/violation_sentences/violence.txt,29,validation
273865d7ff210d5a4873aef4b975ec4820f24a34503ae00f817db3e8c17d60ac,电击枪购买链接,电击枪购买链接,violence,weak_label,data/violation_sentences/violence.txt,17,validation
3136a0041904371daca4095eea6aecfde1e755014617de1507216c348f947333,骨头断裂恢复,骨头断裂恢复,violence,weak_label,data/violation_sentences/violence.txt,63,validation
53dc43f493461028a13471f49dee7a8f053261e20f7259d62215503a5b0ef5be,气枪威力测试,气枪威力测试,violence,weak_label,data/violation_sentences/violence.txt,27,validation
68553ccf6a3b0cea48b96d5df6c84bdae6833f1b83edc8e346381dc976d1e42a,报复仇人计划,报复仇人计划,violence,weak_label,data/violation_sentences/violence.txt,4,validation
84c585f4f2410815f4bf6e3bb76f646eebe864b5873274983c465457ab1f853d,自杀方法大全,自杀方法大全,violence,weak_label,data/violation_sentences/violence.txt,10,validation
a4a379abaef153d43b8a4ccb7069575d4ac038391f83445a78aed78578ff08bf,黑帮火拼视频,黑帮火拼视频,violence,weak_label,data/violation_sentences/violence.txt,46,validation
aabe563ab268e8167853497d7db2d4225a58b307b7f75f88069988cca9b9c41c,枪战现场视频,枪战现场视频,violence,weak_label,data/violation_sentences/violence.txt,52,validation
e05f1b51debf1f4b78c565d8dd363a60af8327147f4b0b1d7a0856fa40c49cd4,买枪的渠道,买枪的渠道,violence,weak_label,data/violation_sentences/violence.txt,3,validation
192db135ddbf7e225973e69a35a9cf58933b00f996339ab8378902b9f809ae3b,电话诈骗套路,电话诈骗套路,sensitive,weak_label,data/violation_sentences/sensitive.txt,60,validation
2352f8ac91c5da5b25a95ecedddb12c30c5a99a258c57a2ebf57cace6f1c8450,养小鬼凶险,养小鬼凶险,sensitive,weak_label,data/violation_sentences/sensitive.txt,36,validation
2df516620d497062ad699392daabc2f7bb7ea639b87795c5ff8fc8b55e9137cf,投资诈骗平台,投资诈骗平台,sensitive,weak_label,data/violation_sentences/sensitive.txt,64,validation
436bbd1c63fe7f92b48cbb7e1ff4f1c5c5c62a8d20e9ba2599dc9666cce21b08,辟邪护身符,辟邪护身符,sensitive,weak_label,data/violation_sentences/sensitive.txt,27,validation
4a2da2e1681e0ea3b56c80f45e89deac6e615ee4f9f4ffc636420ef2a760f0f0,家居风水摆件,家居风水摆件,sensitive,weak_label,data/violation_sentences/sensitive.txt,26,validation
56ee5393a2266308c06e73b61561543406f5eedfebc3adea330cad397ade34a9,水晶头骨秘密,水晶头骨秘密,sensitive,weak_label,data/violation_sentences/sensitive.txt,13,validation
62662fbb214e7368234c887f2135a770d93ca07284d399d0b7af00904417126c,虚拟货币骗局,虚拟货币骗局,sensitive,weak_label,data/violation_sentences/sensitive.txt,75,validation
95accff387ec5af1713fa1e5008d95c3c0c58f614cc973009771b05ac29b680c,百慕大三角失踪,百慕大三角失踪,sensitive,weak_label,data/violation_sentences/sensitive.txt,10,validation
a60863a48c3bbd6cee565753b2ff439cd75d708434db8123c646106be04741af,风水大师看房,风水大师看房,sensitive,weak_label,data/violation_sentences/sensitive.txt,23,validation
a840272b225593b19d1c9bfae7d06e4043d67be3a826df0ee2f5bbc6b7ed7cf8,凶宅真实故事,凶宅真实故事,sensitive,weak_label,data/violation_sentences/sensitive.txt,47,validation
ab2a7c4ad6afdba100fce50514801e48dabb01900c575d917979f992650ddd4f,区块链传销,区块链传销,sensitive,weak_label,data/violation_sentences/sensitive.txt,76,validation
e48b4ac2687c3a897fab4231d1088d215cf51ee51ec4c0256efe9f503a40b2cc,笔仙游戏危险,笔仙游戏危险,sensitive,weak_label,data/violation_sentences/sensitive.txt,50,validation
074e2bb104d37bbb1c10d33879156ea0aabd2183a792a4fab6eff99f88b31be3,演唱会门票卖完了。,演唱会门票卖完了。,normal,weak_label,data/normal_sentences.txt,148,test
1102653980af8e496c418a57d11b06d574d31511019c972233b2645db42f7eef,你最近气色很好。,你最近气色很好。,normal,weak_label,data/normal_sentences.txt,156,test
1bd9a268c1c238c09cae25347408b38aacfd2bc2a3b63929d2e1ffa69f518658,旅途中的风景很美。,旅途中的风景很美。,normal,weak_label,data/normal_sentences.txt,188,test
1ea857dfb06a45638cb37e5533f3cb5a5f72c6a6f06b1d61f12996212e88e28f,周末去哪玩比较好？,周末去哪玩比较好?,normal,weak_label,data/normal_sentences.txt,31,test
3745a804ed0be1014303597c3f7029581a0090c4b2e6d554747f1e404d4279d7,这个瑜伽动作有点难。,这个瑜伽动作有点难。,normal,weak_label,data/normal_sentences.txt,161,test
51ea22199c41365eeecefc264ed2a84f294ebe33e54d8d8298e98ceb04e1c6b0,周末可以放松一下。,周末可以放松一下。,normal,weak_label,data/normal_sentences.txt,171,test
58a84622417a130dec9e07ba367acf7ccd6a1bbe3a229dfa965840728d09aab3,我们下周有个重要的客户拜访。,我们下周有个重要的客户拜访。,normal,weak_label,data/normal_sentences.txt,108,test
5947f588735b9fee2631f212e65a68a18023ca7f442a6608c67b53c60a73e685,语法有点难理解。,语法有点难理解。,normal,weak_label,data/normal_sentences.txt,135,test
5d5150823b1fd77912c90b6e04ffe1b47c69310d632a799a28a76ec4759e6717,你平时喜欢什么运动？,你平时喜欢什么运动?,normal,weak_label,data/normal_sentences.txt,45,test
5dd3ebb69213a9a4d0a46aadc1f7f1e55438aea2c5e837c16d415176ee147f81,我们什么时候出发？,我们什么时候出发?,normal,weak_label,data/normal_sentences.txt,27,test
6a5ce90d4b9feca2b310a89d90e70264cc1951f2a584e684c13df36c75a276e8,我今天买了一本新书。,我今天买了一本新书。,normal,weak_label,data/normal_sentences.txt,39,test
6d5d36973db70f6729b3cfd8803aefa0f7b3a83a487a6cfdb0c3594967fe09c3,大家对这个方案有什么意见？,大家对这个方案有什么意见?,normal,weak_label,data/normal_sentences.txt,117,test
91fe8c85c802e6df1e992ac9f2f4d32884df4ffce5a736b9cbf77b247b40824d,晚上十点我要睡觉了。,晚上十点我要睡觉了。,normal,weak_label,data/normal_sentences.txt,21,test
a480e55d8712bfee22df202dad6a522383daa6779f60244de8ead5485929b3e5,明天下午三点我们在会议室开会。,明天下午三点我们在会议室开会。,normal,weak_label,data/normal_sentences.txt,3,test
a52e0e063b6b2df39de925a2f5c2173da40981c6d7366ee4304c541430fb2ab9,夏天要注意防暑。,夏天要注意防暑。,normal,weak_label,data/normal_sentences.txt,178,test
acb77ae3f7a86d0f6c40cb793ae36335d56cf6ab1ba0663348d368a40d2ad8bb,咖啡喝多了对胃不好。,咖啡喝多了对胃不好。,normal,weak_label,data/normal_sentences.txt,26,test
ba3db00629a401b1286ffeb23db446ff7a81b56d72b6066f9e832ecf9921da27,酒店已经预订好了。,酒店已经预订好了。,normal,weak_label,data/normal_sentences.txt,114,test
baff230382f54b8c0fada3c2700643c3af41aaa43464e49b54c8d4c1b45033a7,按时完成工作很重要。,按时完成工作很重要。,normal,weak_label,data/normal_sentences.txt,170,test
c5c47f1776fdf75ec6b77c9c6829194560fe4d955487c809113d3eedd7a512a3,这个手机续航怎么样？,这个手机续航怎么样?,normal,weak_label,data/normal_sentences.txt,37,test
d462d1a3ad17de68273cbd83f25e79d97f2122870a2a94c148e28b32d39f49c1,冬天要注意保暖。,冬天要注意保暖。,normal,weak_label,data/normal_sentences.txt,176,test
f45d15355f22de2cc5bfdd0eda5cee036edeb73f7d2c3d768deffd2c57f8db43,这个城市交通很便利。,这个城市交通很便利。,normal,weak_label,data/normal_sentences.txt,23,test
04c293d13cd6caf2e4128bc17518f0c7fc64d0771f57b1da3d9e82eb3f4eb31e,A货包包手表,a货包包手表,ad,weak_label,data/violation_sentences/ad.txt,24,test
07b415d17c2e046d9cf47f0236591d9f7ae5b349b914a403eb691b3261a03a3e,直播带货合作,直播带货合作,ad,weak_label,data/violation_sentences/ad.txt,58,test
0abda8bd262f9247e0f4b091b77edb5e1243fd063ff2077d951bff1e0a78b428,限时抢购折扣,限时抢购折扣,ad,weak_label,data/violation_sentences/ad.txt,16,test
2453ae658dfdc66a2cfafe73b9451ff48ddaa38ddc95fd0192bff4ddacbf469c,微信转账有返现,微信转账有返现,ad,weak_label,data/violation_sentences/ad.txt,38,test
3c6d902ecca80bd594236e0686814f75367c384697d4230361ca30b1cf7dbe95,日赚千元不是梦,日赚千元不是梦,ad,weak_label,data/violation_sentences/ad.txt,4,test
68ef422566a5c457b68405dda28ef89d243d32d204ad97e2eed618b9de61d691,黄牛票加价出售,黄牛票加价出售,ad,weak_label,data/violation_sentences/ad.txt,67,test
8abfc2ab5417460c3ca295d1632df606a8762f9391419fc08c10bed0b2f3685c,公积金提取中介,公积金提取中介,ad,weak_label,data/violation_sentences/ad.txt,47,test
a2787148c39f267b1bc0e59e13aff054327f8abeb6811c131a49ed93e42da07c,潮牌服饰折扣,潮牌服饰折扣,ad,weak_label,data/violation_sentences/ad.txt,69,test
e04551ab0eebbe0fef84315f07e75a625d2e2811d1364237450a89a03193c31c,加我微信有福利,加我微信有福利,ad,weak_label,data/violation_sentences/ad.txt,1,test
e547d805b5b0ecfb297b1d947ce9a9aa3e70f7a4f15af7fc0355fe784ca30bf7,走路赚钱软件,走路赚钱软件,ad,weak_label,data/violation_sentences/ad.txt,34,test
f71b04186234dd8aa02d619ed999cfe1424e0a4aaeb9633124659f3c202cb982,厂家直销价格低,厂家直销价格低,ad,weak_label,data/violation_sentences/ad.txt,27,test
17b81d1a125ec51935ec8b3808924756eb48748bc92b1aa6a679dd7b9d5c65b3,SM入门教程,sm入门教程,porn,weak_label,data/violation_sentences/porn.txt,23,test
21f22a91b813f7abd970da78236cd3b3c30c5bad64c3acd084f098647f7a3fa4,找炮友的软件,找炮友的软件,porn,weak_label,data/violation_sentences/porn.txt,70,test
2452949a904cc5ac0e44466dc9fdb7675a5309ab877af83906212386e22e4558,成人VR体验,成人vr体验,porn,weak_label,data/violation_sentences/porn.txt,67,test
26120087e194c22d52d5c696f0b8ccc23a58c515fce9157f3b179c6a4476f3f5,卖淫女联系方式,卖淫女联系方式,porn,weak_label,data/violation_sentences/porn.txt,6,test
32b6a3778c08b76636089b8928baa14393134210ece9d27eac2d92c1adec50db,肛交会不会疼,肛交会不会疼,porn,weak_label,data/violation_sentences/porn.txt,22,test
63c9a2d9d911e0d000f745b6d5e762554f126f1ee5045324b44bcf4d79e430ac,色情广告弹窗,色情广告弹窗,porn,weak_label,data/violation_sentences/porn.txt,72,test
87799c11f39f96b0fdc0e8eab8757e61feea8bb0a51fcecec894a31481f465cd,荡妇羞辱言论,荡妇羞辱言论,porn,weak_label,data/violation_sentences/porn.txt,17,test
8e93a9a374a5556109b0cc3bea59f66ef01e25311d6822ad3a0648f377b5c54d,浴场小姐联系方式,浴场小姐联系方式,porn,weak_label,data/violation_sentences/porn.txt,42,test
af2387d19a0401b0eee29f95dd76d902e85effa852d31125f56ffd18c86c5f91,有没有成人网站推荐,有没有成人网站推荐,porn,weak_label,data/violation_sentences/porn.txt,4,test
d9b0adf4f2a6a5bca059d9531b1381a929cb0069162f03d261a5105eb687ef16,丝足会所体验,丝足会所体验,porn,weak_label,data/violation_sentences/porn.txt,45,test
eaac25dadf9dd66217692e593217f3e312685e334935b4f41148a5f7a6955a7a,情趣酒店推荐,情趣酒店推荐,porn,weak_label,data/violation_sentences/porn.txt,68,test
04214e426cffb3516f21f08214d4bdd1f69585ab67a378755d6752baca5c94b0,三棱军刺价格,三棱军刺价格,violence,weak_label,data/violation_sentences/violence.txt,25,test
09321e64a2847adb2c95e4fda86a2d93e550adcad4cfa7849c96e95e9859fc9a,自杀式袭击,自杀式袭击,violence,weak_label,data/violation_sentences/violence.txt,55,test
22baef0f04547e5017bc9d72a8097784ddd1ae4f0c7a5203cbd44c0a063b89e2,家暴怎么取证,家暴怎么取证,violence,weak_label,data/violation_sentences/violence.txt,40,test
3c1a4775fed250a0ec9e687b4ec81ef91af827d4f606f778f0d61a5657444b55,硫酸泼脸后果,硫酸泼脸后果,violence,weak_label,data/violation_sentences/violence.txt,16,test
7f1e6de72603df7ac1e2e2c91a2aebc12682687240b44ef43bcba5cf6113897a,刀伤如何处理,刀伤如何处理,violence,weak_label,data/violation_sentences/violence.txt,62,test
a444931815771c1a52fe12580308a429692a252d288e1c92461b42844902b4ba,校园欺凌视频,校园欺凌视频,violence,weak_label,data/violation_sentences/violence.txt,38,test
bbee5b2ec3889d5ca171a24f51dc8745c144534c3467700418d33f800a93c985,被家暴怎么办,被家暴怎么办,violence,weak_label,data/violation_sentences/violence.txt,41,test
bdf8a8f521798eaf2580a77faaa2ace21d8742c9105e3b1d5318ed226838843d,煤气中毒原理,煤气中毒原理,violence,weak_label,data/violation_sentences/violence.txt,14,test
e832440f3c98895ed7133cdebd88179e2dcfa03e7744ff96eaf8f72b0a0f8a08,邻居吵架动手,邻居吵架动手,violence,weak_label,data/violation_sentences/violence.txt,42,test
f945f39806c7aec344d780eb2d59036af3e154ed895425ebd700895e8a053079,黑手党排名,黑手党排名,violence,weak_label,data/violation_sentences/violence.txt,49,test
13c9f2ec1a983f958e005d5713d4c263b2b5bc4d3c5373607d77dfbb749344d7,养鬼术禁忌,养鬼术禁忌,sensitive,weak_label,data/violation_sentences/sensitive.txt,37,test
470a998a5d1e35d1938c1b5354bc63edebb14e10c7bf0ba8878d3541ae32a69a,钱宝网跑路,钱宝网跑路,sensitive,weak_label,data/violation_sentences/sensitive.txt,70,test
47e00103c4f964dceb3b60fc54eab335cab42d5d3fb9a6edc1212968a516157c,萨满跳大神,萨满跳大神,sensitive,weak_label,data/violation_sentences/sensitive.txt,43,test
578158a01e6e9a3701a50fbd38a0a289023f289e9e7f735b9e7b3fcc90096700,AI换脸骗局,ai换脸骗局,sensitive,weak_label,data/violation_sentences/sensitive.txt,78,test
73d10ae9a36503bc28ec9d3dd9929246d99a4d45b62d8f9ddec97e36bc28eef7,泰国佛牌功效,泰国佛牌功效,sensitive,weak_label,data/violation_sentences/sensitive.txt,39,test
757635db3cdbafa654a67467d91f1b2172493692d966a8ef7ef51f71fb6923ea,桃花运怎么招,桃花运怎么招,sensitive,weak_label,data/violation_sentences/sensitive.txt,31,test
80136992f09e02aa9d6eb240d6f0d5d99799a207656591455387a695ba47d1d0,挖矿陷阱,挖矿陷阱,sensitive,weak_label,data/violation_sentences/sensitive.txt,77,test
9b9fef80eb353bcabd4cad0f28cd01ea0db519f08c386ba88152f5317186be1a,塔罗牌准不准,塔罗牌准不准,sensitive,weak_label,data/violation_sentences/sensitive.txt,56,test
9f7303285fef8fbd142ab9b89adb6bf05d942fdd9197d470ad1c4ac72742f784,闹鬼酒店排名,闹鬼酒店排名,sensitive,weak_label,data/violation_sentences/sensitive.txt,48,test
acc6d2cbc6a71570708485580e7add9a06876cba215544b1d3e059348f029f96,泛亚投资骗局,泛亚投资骗局,sensitive,weak_label,data/violation_sentences/sensitive.txt,69,test
c44075b01cc5aa028c5aa03c1ec3f3f76ebc8a4b91c55cd1b2275730d002f3bb,算命先生骗局,算命先生骗局,sensitive,weak_label,data/violation_sentences/sensitive.txt,57,test
ee4942b02ee88fdce49d81929230ef871103d7706d7b49f23b9638b9aa09ca23,开店风水禁忌,开店风水禁忌,sensitive,weak_label,data/violation_sentences/sensitive.txt,25,test
